ax,ay,az
-0.045628984375,-0.16389326416015626,0.655671923828125
-0.045872128906250004,-0.19600009765625,0.7763433251953125
-0.05657048828125,-0.21242114990234376,0.858183603515625
-0.09158330078125,-0.1572758251953125,0.869980400390625
-0.105928828125,-0.10556176513671875,0.9097945898437501
-0.131215859375,-0.0857094482421875,0.9287186181640625
-0.035903203125000005,-0.01732924560546875,0.9501003125
-0.1696326953125,-0.05801424072265625,0.9724650732421874
-0.1744955859375,-0.09036616455078125,0.9400238818359374
-0.056084199218750005,-0.10409122314453124,0.7736398925781249
-0.02107138671875,0.0025230712890624996,0.7325968701171874
0.01540029296875,0.00570924560546875,0.7357918359375
0.054303417968750003,0.01404231689453125,0.9233117529296875
0.00227048828125,0.12629368896484375,1.1233657666015624
-0.1093328515625,0.19589934326171876,1.262223896484375
-0.18640966796875,0.1235976953125,1.2423168017578126
-0.25473328125,0.09982393310546875,1.1248403662109374
-0.18738224609375,0.055462583007812497,0.9449392138671875
-0.0388209375,-0.030073942871093752,0.89209939453125
-0.01474962890625,-0.067572763671875,0.9972875
-0.11687033203125,-0.013652890625,1.1297556982421875
-0.09498732421875,0.01183650390625,1.1155012353515625
-0.1851939453125,0.0456589697265625,0.99433830078125
-0.13413359375,0.08364797119140625,0.86457353515625
-0.07966921874999999,-0.0180645166015625,0.7891231884765625
0.0467659375,0.04149243408203125,0.827708544921875
-0.0018629687499999992,0.0505607763671875,0.88226873046875
-0.1453182421875,-0.025662316894531252,0.84097994140625
-0.13048642578125,-0.0239466845703125,0.78986048828125
-0.1044699609375,-0.027868129882812502,0.7606142626953125
-0.17960162109375,-0.15752091552734376,0.713672841796875
-0.15917748046875,-0.16389326416015626,0.7586481298828125
-0.11152115234375,-0.091101435546875,0.8294289111328125
-0.16306779296875,-0.23644000244140626,0.9134810888671875
-0.1326747265625,-0.1494329345703125,0.9685328076171875
-0.17960162109375,-0.144040947265625,0.9481341796875
-0.1472633984375,-0.1249239013671875,0.88226873046875
-0.13486302734375,-0.0151234326171875,0.84491220703125
-0.12246265625,-0.03203466552734375,0.7866655224609375
-0.09741876953125,-0.0612004150390625,0.820335546875
-0.054868476562500004,-0.0562986083984375,1.043000087890625
-0.1278118359375,-0.046004814453125,1.1966042138671875
-0.0986344921875,-0.00948635498046875,1.2605035302734375
-0.15577345703125,-0.013162709960937501,1.1388490625
-0.27685943359375,-0.02860340087890625,0.997779033203125
-0.244034921875,-0.02737794921875,0.9196252539062499
-0.15042427734375,-0.01781942626953125,0.9238032861328125
-0.19613544921875,-0.122472998046875,0.9953213671875
-0.19808060546875,-0.07860182861328124,1.0444746875
-0.16355408203125,-0.1641383544921875,0.9704989404296875
-0.26810623046875,-0.14232531494140624,0.9532952783203125
-0.18640966796875,-0.08546435791015625,0.9331424169921875
-0.18300564453125,-0.12933552734375,0.997779033203125
-0.1569891796875,-0.075415654296875,1.1336879638671875
-0.13680818359375,-0.13693332763671875,1.1636714892578124
-0.1910294140625,-0.04085791748046875,1.19095158203125
-0.221665625,-0.00581,1.160968056640625
-0.32840607421875,-0.022476142578125,1.1484339599609374
-0.3680386328125,-0.03742665283203125,1.095594140625
-0.372415234375,0.00521906494140625,1.060695283203125
-0.41593810546875,-0.04085791748046875,0.9874568359375
-0.27272597656249997,-0.01095689697265625,0.96877857421875
-0.226528515625,-0.04919098876953125,0.9803296044921875
-0.1103054296875,-0.0964934228515625,1.07888201171875
-0.16890326171875,-0.1347275146484375,1.1213996337890624
-0.21315556640625,-0.14918784423828124,1.1184504345703126
-0.224583359375,-0.13595296630859374,1.13000146484375
-0.34639876953125,-0.09036616455078125,1.175714052734375
-0.426879609375,-0.14771730224609375,1.1272980322265624
-0.40937320312500003,-0.10850284912109374,1.070525947265625
-0.27540056640625,-0.10065995849609374,1.010558896484375
-0.27880458984375,-0.09575815185546875,1.0073639306640625
-0.2299325390625,-0.0719843896484375,1.081339677734375
-0.1540714453125,-0.05409279541015625,1.169815654296875
-0.20683380859375,0.038306259765625,1.1700614208984375
-0.25497642578125,0.0123266845703125,1.050864619140625
-0.20026890625,-0.004829638671875,0.959439443359375
-0.29509527343749997,-0.0788469189453125,0.993846767578125
-0.2532744140625,-0.05850442138671875,1.076424345703125
-0.19637859375,-0.14085477294921875,1.0466865869140625
-0.240144609375,-0.0670825830078125,1.04545775390625
-0.24816837890625,-0.00654527099609375,1.0633987158203124
-0.341292734375,-0.057769150390625,0.9370746826171875
-0.298499296875,-0.02223105224609375,0.8871840625
-0.26761994140625,-0.03693647216796875,0.8353273095703125
-0.22628537109375,-0.055073156738281254,0.8734211328125
-0.1647698046875,-0.0739451123046875,0.9424815478515625
-0.0451426953125,-0.07860182861328124,0.993355234375
-0.0645942578125,-0.106787216796875,1.0825685107421874
-0.0976619140625,-0.02125069091796875,1.2560797314453125
-0.14410251953125,-0.061690595703125004,1.2555881982421875
-0.16185207031249998,-0.09330724853515625,1.061678349609375
-0.152612578125,-0.09379742919921875,0.908319990234375
-0.19710802734375,-0.12933552734375,0.862115869140625
-0.23309341796875,-0.151883837890625,0.8854636962890625
-0.28026345703125,-0.130315888671875,0.88620099609375
-0.1881116796875,-0.09624833251953124,0.8800568310546875
-0.20488865234375,-0.0425735498046875,0.8004284521484375
-0.1550440234375,-0.061690595703125004,0.7537327978515624
-0.1628246484375,-0.09281706787109376,0.7323511035156249
-0.20975154296875,-0.04821062744140625,0.7891231884765625
-0.15139685546875,-0.03399538818359375,0.881777197265625
-0.1754681640625,0.01600303955078125,0.991880634765625
-0.2649453515625,0.0731090869140625,0.98254150390625
-0.3033621875,0.10864718505859375,0.9196252539062499
-0.25157240234375,0.1054610107421875,0.8026403515625
-0.2800203125,0.10178465576171875,0.7753602587890625
-0.2007551953125,0.097127939453125,0.8117337158203125
-0.20342978515625,0.04247279541015625,0.850319072265625
-0.23163455078125,0.02090484619140625,0.832623876953125
-0.18884111328125,0.1035002880859375,0.810996416015625
-0.288773515625,0.12433296630859375,0.7802755908203125
-0.31284482421875,0.1358522119140625,0.77609755859375
-0.247925234375,0.18070374267578124,0.781012890625
-0.27418484375,0.13315621826171875,0.7964961865234375
-0.236254296875,0.173596123046875,0.9144641552734375
-0.27588685546875,0.12531332763671876,0.9188879541015624
-0.3164919921875,0.1387932958984375,0.8569547705078124
-0.25449013671875,0.05668803466796875,0.731368037109375
-0.16720125,-0.0376717431640625,0.74660556640625
-0.1414279296875,-0.085219267578125,0.9061080908203125
-0.21364185546875,-0.08889562255859375,1.087729609375
-0.2756437109375,-0.1278649853515625,1.134425263671875
-0.339347578125,-0.05262225341796875,1.11034013671875
-0.4438997265625,-0.04870080810546875,0.96877857421875
-0.4623787109375,-0.00948635498046875,0.8864467626953125
-0.49204234375,-0.00409436767578125,0.8458952734375
-0.48693630859375,0.019434304199218752,0.78396208984375
-0.40475345703125,-0.044044091796875,0.8014115185546875
-0.26518849609375,-0.0513968017578125,0.8171405810546875
-0.17279357421875,-0.0332601171875,0.812962548828125
-0.23990146484375,-0.004829638671875,0.9414984814453125
-0.31235853515625,0.0603643896484375,0.9985163330078125
-0.3612305859375,0.12776423095703124,1.05135615234375
-0.4594609765625,0.15766525146484375,1.0267794921875
-0.3631757421875,0.1250682373046875,0.9559987109375
-0.25497642578125,0.13707766357421874,0.96877857421875
-0.3271903515625,0.0280124658203125,0.9650920751953125
-0.1764407421875,-0.01732924560546875,0.9166760546875
-0.15164,-0.02615249755859375,0.789368955078125
-0.13729447265625,-0.134237333984375,0.684180849609375
-0.11006228515625,-0.16634416748046876,0.644858193359375
-0.0996070703125,-0.14722712158203125,0.5443396533203125
-0.05948822265625,-0.16830489013671876,0.48658450195312497
-0.05948822265625,-0.201882265625,0.4814234033203125
-0.07577890625,-0.21291133056640624,0.42366825195312496
-0.06848457031249999,-0.24477307373046875,0.3752522314453125
-0.035903203125000005,-0.23300873779296874,0.4047442236328125
-0.000890390625000001,-0.26830174560546877,0.4769996044921875
0.0029999218749999987,-0.259723583984375,0.6662398876953125
0.059166308593749994,-0.28839915283203127,1.066593681640625
0.18706033203125,-0.169530341796875,1.2998261865234375
0.154722109375,0.1182057080078125,1.36790353515625
-0.05365275390625,0.265750087890625,1.3627424365234375
-0.10811712890625,0.29393547607421877,1.28729208984375
-0.159420625,0.3005529150390625,1.091170341796875
-0.12562353515625,0.263789365234375,0.9837703369140625
-0.14118478515625,0.28021041748046877,0.9257694189453125
-0.164283515625,0.28952385009765624,0.868997333984375
-0.1764407421875,0.2882983984375,0.73874103515625
-0.13632189453125,0.28511222412109377,0.845403740234375
-0.16525609375,0.362805859375,1.167849521484375
-0.221665625,0.41991190673828127,1.3111314501953124
-0.28366748046875,0.5162324072265625,1.4099296240234376
-0.33229638671875,0.46280271484375,1.4332774511718749
-0.4049966015625,0.41059847412109374,1.256325498046875
-0.42517759765625,0.3515317041015625,1.0464408203125
-0.37217208984375,0.31599360595703124,0.9183964208984375
-0.38189787109375,0.27628897216796877,0.87440419921875
-0.3466419140625,0.193203349609375,0.9206083203125
-0.21193984375,0.0133070458984375,1.0894499755859375
-0.2989855859375,0.00816014892578125,1.1919346484375
-0.41812640624999997,0.008405239257812499,1.202256845703125
-0.52583943359375,0.0069346972656249995,1.229291171875
-0.6170186328125,0.067717099609375,1.219952041015625
-0.627230703125,0.07188363525390624,1.24796943359375
-0.51562736328125,0.067717099609375,1.2890124560546874
-0.47648109375000003,-0.010221625976562499,1.340869208984375
-0.4059691796875,-0.06291604736328126,1.31088568359375
-0.3233000390625,-0.1043363134765625,1.174239453125
-0.2488978125,-0.08497417724609375,1.0904330419921875
-0.234309140625,-0.04036773681640625,1.1789090185546875
-0.317950859375,-0.11046357177734376,1.36003900390625
-0.3271903515625,-0.0906112548828125,1.4536760791015624
-0.3262177734375,-0.17565760009765624,1.3784714990234375
-0.39478453125,-0.1043363134765625,1.2233927734375
-0.3656071875,-0.1210024560546875,1.0919076416015625
-0.3301080859375,-0.1111988427734375,1.1936550146484375
-0.3874901953125,-0.0960032421875,1.336936943359375
-0.40183572265625,-0.01830960693359375,1.4089465576171876
-0.39259623046875003,-0.00997653564453125,1.221426640625
-0.24670951171875,-0.00850599365234375,1.0186691943359376
-0.30700935546875,-0.040122646484374996,0.9164302880859375
-0.30749564453125,-0.08350363525390625,0.8928366943359375
-0.3602580078125,-0.013652890625,0.8771076318359375
-0.34299474609375,0.02041466552734375,0.82131861328125
-0.2989855859375,-0.01291761962890625,0.7633176953125
-0.27418484375,0.0074248779296875,0.8687515673828125
-0.31041337890625,0.0172284912109375,0.9306847509765624
-0.36730919921875,0.0015427099609375003,0.90782845703125
-0.360744296875,-0.068553125,0.8107506494140625
-0.40694175781249997,-0.0690433056640625,0.7606142626953125
-0.37022693359375003,-0.061690595703125004,0.7586481298828125
-0.36730919921875,-0.0631611376953125,0.7266984716796875
-0.33983386718749997,-0.10752248779296875,0.7655295947265625
-0.3884627734375,-0.0055649096679687505,0.86850580078125
-0.26032560546875,0.071638544921875,0.867031201171875
-0.19856689453125,0.04492369873046875,0.84884447265625
-0.179844765625,0.08315779052734375,0.8530225048828125
-0.19564916015625,0.13413657958984376,0.7817501904296875
-0.2571647265625,0.118695888671875,0.712689775390625
-0.27296912109375,0.16991976806640624,0.6709094531249999
-0.28123603515625,0.16869431640625,0.633061396484375
-0.22944625,0.18658591064453126,0.655180390625
-0.205131796875,0.15717507080078125,0.783470556640625
-0.23941517578125,0.167713955078125,0.881777197265625
-0.212912421875,0.2319276220703125,0.9129895556640625
-0.20342978515625,0.15864561279296874,0.81148794921875
-0.111764296875,0.077520712890625,0.7802755908203125
-0.0850183984375,0.1593808837890625,0.8687515673828125
-0.065080546875,0.150067451171875,0.8879213623046875
-0.1112780078125,0.20570295654296875,0.855234404296875
-0.15188314453125001,0.22923162841796874,0.7935469873046875
-0.1968648828125,0.19246807861328125,0.7350545361328125
-0.2630001953125,0.175556845703125,0.6819689501953125
-0.15917748046875,0.19295825927734375,0.660587255859375
-0.11978806640625,0.17825283935546876,0.65026505859375
-0.138996484375,0.21991819580078126,0.6672229541015625
-0.1375376171875,0.21942801513671875,0.6741044189453125
-0.010616171875,0.06673673828125,0.7746229589843749
0.052115117187500004,0.0427178857421875,0.92159138671875
0.031934121093750004,0.07923634521484375,1.0889584423828125
-0.02715,0.04884514404296875,1.20668064453125
-0.12367837890625,0.05864875732421875,1.1975872802734375
-0.08963814453125,0.14590091552734374,1.1636714892578124
-0.20391607421875,0.0642858349609375,1.1263149658203124
-0.17376615234375,0.03266918212890625,1.0633987158203124
-0.2649453515625,0.093206494140625,1.0884669091796875
-0.26154132812499997,0.16893940673828126,1.120662333984375
-0.2036729296875,0.1789881103515625,1.010558896484375
-0.189570546875,0.19197789794921874,0.9297016845703125
-0.1321884375,0.18707609130859376,0.8771076318359375
-0.0451426953125,0.20717349853515626,0.864082001953125
-0.0850183984375,0.16354741943359374,1.0201437939453124
-0.15747546875,0.12139188232421876,1.1211538671875
-0.12756869140625,0.069677822265625,1.123611533203125
-0.20877896484375,0.12580350830078124,1.0230929931640624
-0.4059691796875,0.0740894482421875,0.9203625537109374
-0.3952708203125,0.106931552734375,0.8183694140625
-0.3699837890625,0.1005592041015625,0.669434853515625
-0.35904228515625003,0.0584036669921875,0.61094240234375
-0.0840458203125,-0.01046671630859375,0.7876485888671875
-0.1073876953125,-0.1572758251953125,1.1105859033203125
-0.247925234375,0.05619785400390625,1.3622509033203125
-0.1968648828125,0.12580350830078124,1.347259140625
-0.3466419140625,0.09345158447265625,1.2098756103515624
-0.33983386718749997,0.2103596728515625,1.17718865234375
-0.36828177734375,0.10595119140625,1.0737209130859375
-0.3811684375,0.148106728515625,0.9395323486328125
-0.39940427734375,0.19736988525390625,0.8422087744140625
-0.30627992187499997,0.220653466796875,0.73480876953125
-0.20099833984375,0.23854506103515624,0.718096640625
-0.19346085937500002,0.265750087890625,0.74463943359375
-0.28634207031250003,0.304964541015625,0.8633447021484375
-0.2124261328125,0.3392771875,0.9228202197265625
-0.1710915625,0.322611044921875,0.8952943603515625
-0.0859909765625,0.2387901513671875,0.7547158642578125
-0.1112780078125,0.2191829248046875,0.5273817578125
-0.15042427734375,0.23143744140625,0.5187799267578125
-0.174981875,0.21305566650390625,0.4902710009765625
-0.15285572265625,0.23928033203125,0.61487466796875
-0.1385101953125,0.2635442749023438,0.7539785644531249
-0.097175625,0.2760438818359375,0.7566819970703125
-0.0743200390625,0.2635442749023438,0.6859012158203125
-0.09644619140624999,0.2748184301757812,0.6706636865234374
-0.08574783203125,0.25521120361328126,0.768724560546875
-0.03614634765625,0.31942487060546876,0.95698177734375
-0.09693248046875,0.42432353271484374,1.3735561669921874
-0.12343523437500001,0.5640250219726562,1.7805456591796875
-0.0743200390625,0.6007885717773438,1.669213388671875
-0.096203046875,0.6726000390625,1.5736101806640626
-0.09401474609375,0.53338873046875,1.358564404296875
-0.1015522265625,0.49392918701171873,1.17325638671875
-0.10665826171875001,0.49025283203125,1.2374014697265625
-0.127325546875,0.4858412060546875,1.46817630859375
-0.09595990234375,0.49809572265625,1.3376742431640625
-0.10568568359375,0.45716563720703124,1.1174673681640626
-0.1151683203125,0.4424602172851563,0.9749227392578125
-0.15528716796875,0.3917265185546875,0.8014115185546875
-0.166228671875,0.37530546630859374,0.9036504248046875
-0.2036729296875,0.4400093139648438,1.0963314404296876
-0.2882872265625,0.45226383056640623,1.0896957421875
-0.33472783203125,0.37138402099609374,0.96681244140625
-0.4108320703125,0.206928408203125,0.9166760546875
-0.24914095703125,-0.104826494140625,1.007609697265625
-0.2843969140625,-0.1925688330078125,1.035135556640625
-0.3602580078125,-0.07222947998046875,1.0810939111328124
-0.46748474609375,-0.00360418701171875,1.0466865869140625
-0.3670660546875,-0.02615249755859375,0.9798380712890625
-0.32354318359375,-0.0038492773437499997,0.931913583984375
-0.31673513671875,0.0451687890625,0.8505648388671875
-0.26032560546875,0.11992134033203125,0.8741584326171875
-0.34810078125,0.1368325732421875,0.9847534033203125
-0.40475345703125,0.1868310009765625,1.0707717138671875
-0.37946642578125,0.2348687060546875,1.03759322265625
-0.37898013671874997,0.2358490673828125,1.0191607275390624
-0.36730919921875,0.26084828125,1.001711298828125
-0.40694175781249997,0.2583973779296875,0.9513291455078126
-0.37898013671874997,0.32432667724609376,0.995812900390625
-0.40037685546875,0.3162386962890625,1.0324321240234375
-0.32743349609375,0.3299637548828125,1.04939001953125
-0.29922873046875,0.3436888134765625,1.0398051220703124
-0.2756437109375,0.32653249023437503,0.953541044921875
-0.25935302734375,0.32726776123046875,0.8884128955078126
-0.2240970703125,0.3407477294921875,0.8970147265625
-0.2668905078125,0.324571767578125,0.9088115234375
-0.271267109375,0.3392771875,0.846386806640625
-0.23819945312500002,0.3191797802734375,0.8564632373046875
-0.3038484765625,0.20276187255859374,0.86457353515625
-0.2552195703125,0.2436919580078125,0.8812856640625
-0.24962724609375,0.2547210229492187,0.810996416015625
-0.28609892578125,0.2309472607421875,0.8058353173828126
-0.16987583984375,0.23217271240234374,0.8333611767578125
-0.15164,0.25888755859375,0.8984893261718749
-0.168173828125,0.24932903564453124,0.896523193359375
-0.100093359375,0.2378097900390625,0.910286123046875
-0.16647181640625,0.2711420751953125,0.883743330078125
-0.144831953125,0.27849478515625,0.8820229638671875
-0.13972591796875,0.30569981201171875,0.8498275390625
-0.11395259765625,0.2878082177734375,0.8559717041015625
-0.1774133203125,0.3365811938476562,0.8658023681640625
-0.18251935546875,0.314768154296875,0.863098935546875
-0.2177753125,0.2907493017578125,0.8500733056640625
-0.16914640625,0.2900140307617187,0.847369873046875
-0.138996484375,0.320650322265625,0.8132083154296875
-0.084532109375,0.237319609375,0.8065726171875
-0.18008791015625,0.23756469970703126,0.8734211328125
-0.08428896484375001,0.30717035400390624,0.8648193017578125
-0.25497642578125,0.25104466796875,0.7532412646484374
-0.09061072265625,0.3025136376953125,0.7910893212890625
-0.19273142578125,0.32236595458984374,0.8505648388671875
-0.10908970703125,0.3368262841796875,0.9021758251953125
-0.1073876953125,0.357904052734375,1.0304659912109375
-0.1501811328125,0.3878050732421875,1.0653648486328124
-0.1521262890625,0.375550556640625,1.0004824658203124
-0.1774133203125,0.3623156787109375,0.9144641552734375
-0.24573693359375,0.3260423095703125,0.8576920703124999
-0.21704587890625,0.34883571044921874,0.832623876953125
-0.1929745703125,0.3493258911132813,0.856217470703125
-0.20586123046875,0.35471787841796876,0.872929599609375
-0.17960162109375,0.3669723950195313,0.827708544921875
-0.13802390625,0.36599203369140626,0.8323781103515625
-0.181789921875,0.4529991015625,0.87931953125
-0.25449013671875,0.5507901440429688,0.922082919921875
-0.30530734375,0.589269326171875,1.153103525390625
-0.28998923828125,0.5917202294921875,1.1567900244140625
-0.2892598046875,0.630444501953125,1.2273250390625
-0.2678630859375,0.5787304418945313,1.1174673681640626
-0.20440236328125,0.5387807177734375,1.06020375
-0.18981369140625,0.48804701904296877,1.0137538623046876
-0.154557734375,0.4799590380859375,1.0540595849609375
-0.26761994140625,0.4826550317382812,1.06020375
-0.166228671875,0.461822353515625,1.015474228515625
-0.19467658203125,0.4015301318359375,1.004660498046875
-0.2717533984375,0.30079800537109375,0.965829375
-0.30457791015625,0.42922533935546875,1.0535680517578125
-0.29728357421875,0.3277579418945312,1.038084755859375
-0.315033125,0.37334474365234377,1.1073909375
-0.3339983984375,0.3358459228515625,1.1199250341796876
-0.3524773828125,0.25864246826171877,1.0742124462890625
-0.20804953125,0.2672206298828125,0.9972875
-0.1939471484375,0.3113368896484375,1.012525029296875
-0.29436583984375,0.2476134033203125,1.0589749169921876
-0.2668905078125,0.20913422119140626,0.9587021435546875
-0.27613,0.33952227783203126,0.9360916162109375
-0.28901666015625,0.3574138720703125,0.998762099609375
-0.29436583984375,0.27065189453125,1.05725455078125
-0.2921775390625,0.30962125732421875,1.021372626953125
-0.28220861328125,0.2348687060546875,1.0078554638671875
-0.1633109375,0.3228561352539063,1.0068723974609375
-0.29047552734375,0.29148457275390627,1.0407881884765624
-0.26616107421875,0.31942487060546876,1.0928907080078125
-0.3369161328125,0.3669723950195313,1.0857634765625
-0.29825615234375,0.3662371240234375,0.9655836083984375
-0.236254296875,0.3189346899414062,0.95108337890625
-0.1725504296875,0.3831483569335937,1.008592763671875
-0.26372962890625,0.44638166259765627,1.0464408203125
-0.19467658203125,0.41893154541015626,1.0299744580078125
-0.3252451953125,0.33609101318359375,1.0068723974609375
-0.17571130859375,0.45177364990234375,0.971236240234375
-0.32597462890625,0.357904052734375,0.916184521484375
-0.22336763671875,0.43755841064453127,1.0452119873046875
-0.423961875,0.3152583349609375,1.0781447119140626
-0.24184662109375,0.36452149169921877,1.0343982568359376
-0.32257060546875,0.40398103515625,1.0024485986328124
-0.24427806640625,0.3782465502929688,1.1022298388671874
-0.249870390625,0.36354113037109376,1.089204208984375
-0.28366748046875,0.3407477294921875,1.02186416015625
-0.21169669921875,0.37383492431640625,0.93142205078125
-0.21266927734375,0.2525152099609375,0.8638362353515625
-0.3203823046875,0.23413343505859374,0.930930517578125
-0.2347954296875,0.3074154443359375,0.9501003125
-0.32500205078125,0.2836416821289062,0.9095488232421876
-0.3223274609375,0.24148614501953125,0.912252255859375
-0.255705859375,0.39442251220703123,0.8879213623046875
-0.35223423828125,0.3493258911132813,0.8874298291015625
-0.29631099609375,0.3329048388671875,1.0031858984375
-0.34421046875,0.34908080078125,0.98057537109375
-0.267376796875,0.28854348876953123,0.993846767578125
-0.22190876953125,0.3534924267578125,1.008592763671875
-0.3262177734375,0.32163068359375,0.9567360107421875
-0.3271903515625,0.4270195263671875,0.9282270849609375
-0.257651015625,0.32726776123046875,0.8456495068359375
-0.3524773828125,0.3280030322265625,0.84786140625
-0.29971501953125,0.37383492431640625,0.9075826904296875
-0.27929087890625,0.26060319091796874,0.906845390625
-0.242089765625,0.4608419921875,0.9046334912109375
-0.2484115234375,0.378491640625,0.8908705615234375
-0.3242726171875,0.350061162109375,0.9636174755859375
-0.22628537109375,0.378491640625,0.951574912109375
-0.271267109375,0.31378779296875,0.986965302734375
-0.2425760546875,0.30471945068359374,1.0226014599609374
-0.2542469921875,0.244182138671875,0.9896687353515625
-0.30992708984375,0.2525152099609375,0.974185439453125
-0.25108611328125,0.3838836279296875,0.915201455078125
-0.28609892578125,0.44147985595703126,0.92945591796875
-0.33715927734375,0.312807431640625,0.906845390625
-0.14021220703125,0.18707609130859376,0.9587021435546875
-0.12708240234375,0.21305566650390625,0.9950756005859375
-0.2882872265625,0.4299606103515625,1.2319946044921875
-0.37533296875,0.37971709228515627,1.087238076171875
-0.29363640625,0.4294704296875,0.9520664453125
-0.11881548828124999,0.3721192919921875,0.888658662109375
-0.159420625,0.3534924267578125,1.1115689697265625
-0.3500459375,0.29491583740234373,1.170798720703125
-0.28755779296875,0.51182078125,1.174730986328125
-0.48693630859375,0.4485874755859375,0.9577190771484375
-0.1997826171875,0.45716563720703124,0.9402696484374999
-0.2416034765625,0.4642732568359375,0.926015185546875
-0.15966376953125,0.4865764770507813,1.06315294921875
-0.37533296875,0.4387838623046875,1.0614325830078124
-0.43368765625,0.3341302905273438,0.9198710205078124
-0.32013916015625,0.4358427783203125,0.8402426416015625
-0.37533296875,0.41501010009765626,0.821810146484375
-0.32111173828125,0.43069588134765624,0.83901380859375
-0.18981369140625,0.455940185546875,0.9559987109375
-0.3690112109375,0.3431986328125,1.0171945947265626
-0.4059691796875,0.1314405859375,0.9346170166015625
-0.3028758984375,0.28560240478515625,0.7738856591796874
-0.3184371484375,0.210849853515625,0.7050710107421875
-0.174009296875,0.0270321044921875,0.6102051025390625
-0.0889087109375,-0.04870080810546875,0.605535537109375
-0.2450075,0.13903838623046874,0.63650212890625
-0.2853694921875,0.06257020263671875,0.672384052734375
-0.3437241796875,-0.07173929931640625,0.8766160986328125
-0.377278125,0.08854977783203125,1.05528841796875
-0.37168580078125,0.3446691748046875,1.0938737744140625
-0.4215304296875,0.36599203369140626,0.89209939453125
-0.3544225390625,0.38216799560546877,0.74267330078125
-0.24087404296875,0.32873830322265624,0.72891037109375
-0.23747001953125,0.36354113037109376,0.7217831396484375
-0.1482359765625,0.3623156787109375,0.8790737646484375
-0.27685943359375,0.27824969482421874,0.98647376953125
-0.3096839453125,0.4132944677734375,1.0039231982421875
-0.424934453125,0.3829032666015625,0.99827056640625
-0.42858162109375,0.420647177734375,1.0633987158203124
-0.4312562109375,0.4868215673828125,1.127543798828125
-0.4745359375,0.46991033447265623,1.24108796875
-0.5110076171875,0.4397642236328125,1.270088427734375
-0.46651216796875,0.193203349609375,0.966320908203125
-0.2240970703125,0.199085517578125,0.8338527099609375
-0.1910294140625,0.2564366552734375,0.80165728515625
-0.28804408203125,0.27432824951171875,0.9306847509765624
-0.2921775390625,0.1628121484375,0.9999909326171875
-0.42517759765625,0.3378066455078125,0.99630443359375
-0.35393625,0.3341302905273438,0.9188879541015624
-0.3515048046875,0.21599675048828126,0.88030259765625
-0.30068759765624997,0.07727562255859374,0.9306847509765624
-0.2552195703125,0.20962440185546874,0.96681244140625
-0.41302037109375,0.0015427099609375003,1.0270252587890625
-0.40062,-0.00997653564453125,1.0786362451171876
-0.4672416015625,0.11747043701171875,1.084288876953125
-0.43538966796875,0.14443037353515625,1.1228742333984374
-0.3889490625,-0.01046671630859375,1.17817171875
-0.3641483203125,0.2446723193359375,1.22240970703125
-0.2630001953125,0.2804555078125,1.0516019189453125
-0.3067662109375,0.2054578662109375,1.025304892578125
-0.26129818359375,0.3125623413085937,1.0132623291015626
-0.25108611328125,0.040266982421875,0.9154472216796875
-0.24379177734375002,0.28021041748046877,0.8505648388671875
-0.34591248046875,0.2074185888671875,0.821810146484375
-0.29825615234375,0.00619942626953125,0.8844806298828125
-0.3515048046875,-0.0200252392578125,0.9577190771484375
-0.5080898828125,0.02286556884765625,1.0235845263671874
-0.55501677734375,0.14345001220703124,0.9228202197265625
-0.48547744140625,0.24638795166015626,0.77216529296875
-0.3164919921875,0.2436919580078125,0.669434853515625
-0.13778076171875,0.11452935302734375,0.5846453759765625
-0.03031087890625,0.093206494140625,0.645841259765625
-0.016451640625,0.08511851318359374,0.7203085400390625
0.0029999218749999987,0.158890703125,0.8023945849609375
-0.2425760546875,-0.038161923828125,0.9532952783203125
-0.29290697265625,0.04639424072265625,1.0766701123046876
-0.5197608203125,0.208889130859375,1.01989802734375
-0.46213556640625,0.263789365234375,0.837539208984375
-0.33910443359375,0.291239482421875,0.765775361328125
-0.18543708984375,0.1142842626953125,0.7846993896484376
-0.11735662109375,0.234378525390625,0.902421591796875
-0.09985021484375001,0.23707451904296875,0.8638362353515625
-0.10033650390625,0.23168253173828124,0.9852449365234375
-0.08185751953125,0.283396591796875,1.1848074169921876
-0.3155194140625,0.16599832275390625,1.2939277880859374
-0.4283384765625,0.0201695751953125,1.067576748046875
-0.0016198242187499996,0.17923320068359375,0.718588173828125
-0.006482714843750001,0.0838930615234375,0.4828980029296875
-0.0030786914062500004,0.08903995849609375,0.5418819873046875
-0.129270703125,0.07972652587890625,0.7237492724609375
-0.3748466796875,0.27726933349609373,0.855234404296875
-0.46481015625,0.4152551904296875,0.9557529443359375
-0.4983641015625,0.279475146484375,0.96484630859375
-0.25157240234375,0.09835339111328124,0.8289373779296875
-0.23066197265625,0.089285048828125,0.6844266162109375
-0.09595990234375,0.12923477294921876,0.562280615234375
-0.04100923828125,0.1368325732421875,0.58538267578125
-0.11006228515625,0.2956511083984375,0.7591396630859375
-0.1968648828125,0.36795275634765623,1.0162115283203126
-0.346155625,0.177517568359375,1.1921804150390625
-0.23917203125,0.20864404052734375,1.283851357421875
-0.121490078125,0.394177421875,1.2619781298828125
-0.23212083984375,0.3824130859375,1.100017939453125
-0.39600025390625,0.2515348486328125,1.226833505859375
-0.4434134375,0.15766525146484375,1.3248943798828126
-0.4769673828125,0.4843706640625,1.3199790478515625
-0.579574375,0.4713808764648437,1.2546051318359375
-0.51927453125,0.4858412060546875,1.068559814453125
-0.051950742187499996,0.0515411376953125,0.9994993994140625
-0.07966921874999999,-0.0376717431640625,1.1722733203125
-0.20975154296875,0.02972809814453125,1.1835785839843749
-0.0869635546875,0.0819323388671875,1.039067822265625
-0.43490337890624997,0.12433296630859375,1.047915419921875
-0.51927453125,-0.0053198193359375,1.0673309814453125
-0.21461443359375,0.042227705078125,1.0778989453125
-0.224583359375,0.2811907788085938,1.0786362451171876
-0.2921775390625,0.0137972265625,1.1081282373046875
-0.41545181640625,-0.10580685546875,1.145238994140625
-0.3612305859375,-0.05164189208984375,0.9478884130859375
-0.089395,-0.03914228515625,0.8923451611328125
-0.2766162890625,-0.0719843896484375,0.944693447265625
-0.4020788671875,-0.061690595703125004,1.1263149658203124
-0.49520322265625,0.020659755859375,0.94125271484375
-0.33229638671875,0.01306195556640625,0.7060540771484375
-0.059245078125,0.00619942626953125,0.5979167724609376
-0.0218008203125,-0.08889562255859375,0.7436563671875001
-0.02350283203125,-0.06144550537109375,1.00810123046875
-0.22750109375,-0.1273748046875,1.0766701123046876
-0.00502384765625,0.02360083984375,1.0700344140625
-0.22531279296875,0.1711452197265625,1.0398051220703124
-0.50784673828125,0.07041309326171875,0.9601767431640625
-0.4711319140625,-0.12541408203125,0.8422087744140625
-0.46213556640625,-0.0562986083984375,0.7043337109375
-0.36585033203125,0.10619628173828125,0.7266984716796875
-0.074806328125,0.06624655761718751,1.0029401318359374
-0.07699462890625,0.28560240478515625,1.087729609375
-0.17692703125,0.1084020947265625,1.06315294921875
-0.226528515625,-0.20261753662109375,1.035135556640625
-0.1278118359375,-0.1111988427734375,0.7817501904296875
-0.013047617187499999,-0.010221625976562499,0.6559176904296875
-0.057056777343750004,0.08756941650390625,0.7724110595703125
-0.378250703125,0.06502110595703126,0.791335087890625
-0.2143712890625,0.0642858349609375,0.853268271484375
-0.284883203125,0.13805802490234376,0.9518206787109375
-0.2912049609375,0.3054547216796875,0.9827872705078124
-0.0821006640625,0.03413972412109375,0.8891501953125
-0.0538958984375,0.19540916259765626,0.8864467626953125
-0.19370400390625,0.16624341308593749,0.954032578125
-0.29971501953125,0.073599267578125,1.18603625
-0.29874244140625,0.2299668994140625,1.3430811083984375
-0.37946642578125,0.3417280908203125,1.09264494140625
-0.2639727734375,0.3782465502929688,0.8181236474609375
-0.10957599609375,0.2593777392578125,0.726452705078125
-0.20804953125,0.3005529150390625,0.9852449365234375
-0.2095083984375,0.021885207519531248,1.0334151904296875
-0.09304216796875,0.26305409423828124,1.1159927685546875
-0.12805498046875,0.14345001220703124,1.189968515625
-0.007941582031250002,0.1074217333984375,1.2688595947265624
-0.483289140625,0.044188427734375,1.1961126806640625
-0.526082578125,0.1338914892578125,0.985982236328125
-0.4215304296875,0.10717664306640624,0.81345408203125
-0.339347578125,0.1368325732421875,0.6952403466796875
-0.05632734375,0.15619470947265626,0.796741953125
0.0472522265625,-0.116590830078125,0.99630443359375
0.0608683203125,-0.14820748291015626,1.3334962109375
-0.052680175781250005,-0.051886982421875,1.418531455078125
-0.4886383203125,0.12825441162109374,1.10444173828125
-0.0704297265625,0.040266982421875,0.894557060546875
8.218750000000066e-05,-0.045024453125,0.9587021435546875
-0.26664736328125,0.05031568603515625,1.2290454052734374
-0.53094546875,-0.09820905517578125,1.243545634765625
-0.2581373046875,0.04786478271484375,1.30400421875
-0.14896541015625,0.0731090869140625,1.1880023828125
-0.29290697265625,-0.01487834228515625,1.0162115283203126
-0.31770771484375,0.2182025634765625,0.9397781152343749
-0.175954453125,0.10766682373046875,0.8997181591796874
-0.0198556640625,-0.19526482666015624,0.959439443359375
-0.10301109375,-0.27663481689453123,1.0860092431640624
-0.03687578125,-0.09012107421875,1.03562708984375
-0.21072412109375,-0.26094903564453126,0.9763973388671875
-0.3223274609375,-0.022476142578125,1.13786599609375
-0.30360533203125,0.2490839453125,1.270088427734375
-0.42615017578125003,0.28315150146484375,1.457854111328125
-0.53872609375,0.31060161865234376,1.37380193359375
-0.39356880859375,0.3289833935546875,0.933879716796875
-0.22579908203125,0.09100068115234375,0.7065456103515625
-0.092312734375,-0.1651187158203125,0.6377309619140625
-0.0509781640625,-0.1543347412109375,0.4976439990234375
-0.03298546875,-0.15408965087890625,0.526890224609375
-0.0538958984375,-0.17835359375,0.68565544921875
-0.25059982421875,-0.05899460205078125,0.9896687353515625
-0.376305546875,0.22874144775390626,1.131476064453125
-0.2766162890625,0.3980988671875,1.27746142578125
-0.23357970703125,0.47285141845703127,1.5770509130859376
-0.166228671875,0.2123203955078125,1.607280205078125
-0.04878986328125,0.07825598388671876,1.062661416015625
-0.05365275390625,-0.04183827880859375,0.6844266162109375
-0.2133987109375,-0.1719812451171875,0.651248125
-0.31527626953125,-0.1062970361328125,0.636010595703125
-0.2698082421875,-0.1445311279296875,0.7257154052734375
-0.06386482421875,-0.181294677734375,1.0742124462890625
0.0987988671875,0.0044837939453125,1.3951836279296874
0.07253925781250001,0.23805488037109374,1.457854111328125
-0.081614375,0.140263837890625,1.2963854541015625
-0.11881548828124999,0.130460224609375,0.8726838330078125
-0.01280447265625,0.13413657958984376,0.812962548828125
-0.22774423828125,0.08364797119140625,0.902421591796875
0.0662175,0.17139031005859376,1.0432458544921874
0.07521384765625,0.14443037353515625,1.1828412841796876
-0.0529233203125,0.036345537109375,1.4136161230468751
-0.2566784375,0.1113431787109375,1.3194875146484375
-0.207076953125,0.10864718505859375,1.05233921875
0.02123576171875,0.16942958740234376,0.8589209033203125
-0.20197091796875,0.24148614501953125,0.9891772021484375
-0.3967296875,-0.1352176953125,1.0786362451171876
-0.137051328125,-0.040122646484374996,0.720554306640625
0.0326635546875,-0.1053166748046875,0.546551552734375
0.041903046875,-0.146001669921875,0.6416632275390625
-0.009400449218749999,-0.19281392333984376,0.84786140625
-0.04733099609375,-0.271487919921875,0.989914501953125
-0.17327986328125,-0.06267095703125,1.027271025390625
-0.01037302734375,0.02335574951171875,0.9488714794921875
0.032420410156249996,0.06600146728515625,1.0407881884765624
-0.28196546875,0.056933125,1.289749755859375
-0.44706060546875,0.02041466552734375,1.067576748046875
-0.15528716796875,0.22751599609375,0.881777197265625
-0.10228166015625,0.12041152099609376,0.66599412109375
-0.010129882812500001,-0.0288484912109375,0.7291561376953125
0.0628134765625,-0.07443529296875,0.920116787109375
0.09126138671875,-0.1308060693359375,1.156052724609375
-0.0986344921875,-0.05262225341796875,1.2895039892578124
-0.29825615234375,0.22285927978515624,1.243545634765625
-0.4079143359375,0.0172284912109375,0.8682600341796876
0.01491400390625,-0.13987441162109376,0.667468720703125
0.12262703125,0.0530116796875,0.745130966796875
0.11825042968749999,0.08070688720703124,1.0447204541015624
0.04555021484375,0.22531018310546874,1.356598271484375
-0.07699462890625,0.23315307373046876,1.5927799755859375
-0.25011353515625,0.29148457275390627,1.7149259765625
-0.2630001953125,0.0348749951171875,1.4435996484375
-0.30652306640625,0.062080021972656246,1.19881611328125
-0.14702025390625,-0.07051384765625,1.055779951171875
-0.04781728515625,-0.08938580322265625,0.814928681640625
-0.1258666796875,-0.03203466552734375,0.5404073876953125
-0.156502890625,-0.12541408203125,0.4435753466796875
-0.040766093749999996,-0.1406096826171875,0.359768935546875
-0.0256911328125,-0.13693332763671875,0.3347007421875
0.0258555078125,-0.09183670654296874,0.3713199658203125
0.0662175,-0.029338671875,0.555399150390625
0.10317546875,-0.00654527099609375,0.977626171875
0.18122486328125,-0.07222947998046875,1.488820703125
-0.02155767578125,-0.120512275390625,2.0798893798828124
-0.3592854296875,0.3907461572265625,1.6547131591796875
-0.1472633984375,0.43143115234375,1.20962984375
0.21429251953125,0.17678229736328124,1.2536220654296875
-0.19273142578125,0.248103583984375,1.19291771484375
-0.294608984375,0.0294830078125,0.8810398974609375
0.06402919921875,-0.042328459472656246,0.584891142578125
0.16225958984375,-0.046004814453125,0.6657483544921875
0.14718462890625,-0.06340622802734375,0.852285205078125
0.141106015625,-0.1278649853515625,1.1145181689453125
0.09758314453125,-0.20997024658203126,1.193409248046875
0.144996328125,0.0515411376953125,1.3824037646484375
-0.29193439453125003,0.23413343505859374,1.1390948291015626
-0.1608794921875,0.0966377587890625,1.21651130859375
-0.23357970703125,0.34148300048828123,1.3578271044921875
-0.2542469921875,0.3630509497070312,1.1683410546875
-0.03955037109375,0.32628739990234373,0.987948369140625
0.06451548828125,0.30815071533203126,1.009575830078125
-0.19224513671875,0.32922848388671877,1.0624156494140624
-0.082586953125,-0.09330724853515625,0.8694888671875
-0.0723748828125,0.1358522119140625,1.093136474609375
-0.0850183984375,0.23658433837890624,1.088221142578125
-0.15188314453125001,0.09418685546875,1.103950205078125
-0.1180860546875,0.146146005859375,1.09952640625
-0.16841697265625,-0.05115171142578125,0.9464138134765625
0.15934185546875,-0.107767578125,1.0240760595703124
0.14523947265625,-0.1004148681640625,1.354632138671875
-0.49957982421875,-0.044534272460937496,1.5269145263671875
-0.361716875,-0.2151171435546875,1.33447927734375
-0.1920019921875,0.097127939453125,0.9881941357421875
-0.08039865234375,0.26942644287109374,0.6750874853515625
-0.0490330078125,-0.008751083984375,0.697943779296875
-0.16306779296875,-0.169530341796875,0.8557259375
-0.0011335351562500005,0.11992134033203125,1.0732293798828125
-0.12270580078125,0.224574912109375,1.007609697265625
-0.159420625,0.22187891845703125,0.7751144921875
-0.12076064453125,0.1392834765625,0.6903250146484375
-0.1336473046875,-0.19967645263671874,0.638959794921875
-0.0733474609375,-0.22712656982421875,0.634044462890625
0.0297458203125,-0.18153976806640626,0.8903790283203125
-0.0918264453125,-0.212666240234375,1.20864677734375
-0.294608984375,-0.21487205322265626,1.449989580078125
-0.36828177734375,0.112813720703125,1.3460303076171876
-0.1355924609375,0.1427147412109375,1.206189111328125
-0.050491875000000006,0.13854820556640626,1.107882470703125
0.037526445312500004,0.03119864013671875,1.120662333984375
-0.0704297265625,-0.10188541015625,1.0759328125
-0.005996425781250002,-0.03154448486328125,0.8746499658203125
-0.0869635546875,0.03266918212890625,0.744147900390625
-0.18640966796875,0.13364639892578126,0.7124440087890624
-0.23114826171875,0.0731090869140625,0.6760705517578125
-0.00696900390625,0.03217900146484375,0.800182685546875
0.0112668359375,-0.07517056396484376,1.0697886474609375
0.06791951171874999,-0.04968116943359375,1.1017383056640626
-0.0957167578125,-0.18546121337890625,1.11820466796875
-0.03420119140625,-0.2371752734375,1.0216183935546874
-0.061676523437500005,-0.1504132958984375,1.057746083984375
-0.08817927734375,0.0012976196289062499,1.1565442578125
-0.2221519140625,-0.046249904785156254,1.30498728515625
-0.068970859375,0.15300853515625001,1.3076907177734376
-0.09134015625,0.11599989501953126,1.2673849951171876
-0.19516287109375,-0.06879821533203125,1.0624156494140624
-0.1375376171875,-0.0494360791015625,0.78789435546875
-0.1793584765625,0.05080586669921875,0.7743771923828124
-0.08744984375,0.15276344482421875,0.6745959521484375
-0.13875333984375,0.20766367919921874,0.6161035009765625
-0.09547361328125001,0.22187891845703125,0.7139186083984375
-0.10082279296875,0.24001560302734376,0.804114951171875
-0.100093359375,0.0486000537109375,0.989914501953125
-0.0305540234375,0.0809519775390625,1.1204165673828126
-0.13340416015625,0.02531647216796875,1.0756870458984376
-0.19346085937500002,0.0358553564453125,0.8144371484375
-0.12951384765625001,-0.00801581298828125,0.6932742138671875
0.0501699609375,-0.14624676025390626,0.8122252490234375
-0.03663263671875,-0.098944326171875,1.1356540966796875
0.1377019921875,-0.1038461328125,1.3779799658203125
0.0890730859375,-0.15556019287109374,1.5677117822265625
-0.1258666796875,-0.05556333740234375,1.264190029296875
-0.160393203125,0.046149150390625,1.0447204541015624
-0.30068759765624997,0.14443037353515625,1.103458671875
-0.29825615234375,0.28241623046875,1.181612451171875
-0.04198181640625,0.22972180908203124,1.18505318359375
-0.01620849609375,0.05105095703125,1.43868431640625
-0.10325423828125,0.03119864013671875,1.247477900390625
-0.06410796875,-0.07443529296875,0.86260740234375
0.03290669921875,-0.13889405029296875,0.6996641455078125
0.004701933593749999,-0.1582561865234375,0.7316138037109375
-0.04271125,-0.17320669677734374,0.985982236328125
-0.17425244140625,-0.2249207568359375,1.11623853515625
-0.13778076171875,-0.2494297900390625,1.2546051318359375
-0.107873984375,-0.0641414990234375,1.24010490234375
-0.14410251953125,-0.09428760986328125,1.0491442529296875
-0.1958923046875,-0.11046357177734376,0.97467697265625
-0.16112263671875,0.13511694091796875,0.9523122119140625
-0.0344443359375,0.199085517578125,0.9218371533203125
-0.01085931640625,0.0211499365234375,1.011541962890625
-0.009400449218749999,0.0495804150390625,1.343326875
-0.08331638671875,0.10080429443359375,1.4114042236328124
-0.2785614453125,0.134381669921875,1.31678408203125
-0.20002576171875,0.057913486328125,1.089204208984375
-0.05122130859375,0.01183650390625,1.052830751953125
0.035824433593749996,0.0378160791015625,0.96288017578125
0.08104931640625,-0.02860340087890625,1.0700344140625
-0.2328502734375,0.07261890625,1.06806828125
-0.27734572265625,0.16109651611328124,0.9206083203125
-0.16452666015625,0.0309535498046875,0.80853875
0.010780546874999998,0.01575794921875,0.839996875
-0.1890842578125,-0.0641414990234375,0.92552365234375
-0.005753281249999999,-0.1626678125,0.9129895556640625
0.10341861328125,-0.1278649853515625,1.0860092431640624
-0.140941640625,-0.079337099609375,1.265173095703125
-0.29922873046875,-0.03105430419921875,1.358564404296875
-0.29825615234375,0.0005623486328125002,1.1312302978515625
-0.16549923828125,0.1574201611328125,1.016948828125
-0.07966921874999999,0.13364639892578126,0.8584293701171875
0.09077509765625,0.0780108935546875,0.965337841796875
-0.0791829296875,0.1554594384765625,1.227816572265625
-0.022287109375,0.09590248779296875,1.226833505859375
-0.175954453125,0.140263837890625,1.152120458984375
-0.06775513671875,0.0030132519531249997,0.992863701171875
-0.129270703125,-0.09183670654296874,0.993355234375
-0.18543708984375,-0.061690595703125004,0.917167587890625
-0.3106565234375,-0.104826494140625,0.8065726171875
-0.2561921484375,0.0750698095703125,0.6610787890625
-0.01474962890625,0.07384435791015626,0.576043544921875
-0.07577890625,0.05423713134765625,0.64829892578125
-0.09839134765625,-0.0406128271484375,0.8407341748046875
-0.09912078125,0.011346323242187501,1.087729609375
-0.25594900390624997,0.00227798095703125,1.3489795068359376
-0.17133470703125,-0.08546435791015625,1.371344267578125
-0.1492085546875,-0.0327699365234375,1.203239912109375
-0.214857578125,0.0093856005859375,1.0545511181640626
-0.36366203125,-0.16144236083984376,0.9518206787109375
-0.3573402734375,-0.00262382568359375,0.835573076171875
-0.2688356640625,0.022620478515625,0.7370206689453125
-0.02690685546875,-0.03448556884765625,0.7910893212890625
-0.1083602734375,-0.010221625976562499,0.9926179345703126
-0.3826273046875,-0.06977857666015624,1.0501273193359375
-0.11735662109375,-0.08595453857421875,1.072000546875
-0.31138595703125,-0.04698517578125,1.0189149609375
-0.20683380859375,0.033404453125,0.93338818359375
-0.11978806640625,-0.07615092529296875,0.80952181640625
-0.23309341796875,-0.03203466552734375,0.9813126708984374
-0.34810078125,-0.108747939453125,1.006626630859375
-0.185680234375,-0.13717841796875,1.0324321240234375
-0.2411171875,-0.08497417724609375,1.0452119873046875
-0.4059691796875,-0.11364974609375,0.9614055761718749
-0.317950859375,0.01747358154296875,0.7473428662109375
-0.300444453125,-0.063651318359375,0.675333251953125
-0.1239215234375,-0.03350520751953125,0.6106966357421875
-0.008671015625,-0.0180645166015625,0.78002982421875
-0.18786853515625002,0.04247279541015625,0.935845849609375
-0.12951384765625001,-0.0033590966796874996,1.085271943359375
-0.14556138671875,0.04712951171875,1.307936484375
-0.4215304296875,0.15374380615234376,1.40526005859375
-0.3077387890625,0.14516564453125,1.329072412109375
-0.2022140625,0.1378129345703125,1.276478359375
-0.34348103515625,0.05913893798828125,1.2840971240234376
-0.42663646484375,-0.008751083984375,1.17817171875
-0.43393080078125,0.0466393310546875,0.8908705615234375
-0.24768208984375,0.026296833496093748,0.698926845703125
-0.1560166015625,-0.04821062744140625,0.7593854296875
-0.1278118359375,-0.15997181884765624,0.9508376123046876
0.0190474609375,-0.16487362548828124,1.1159927685546875
0.0701078125,-0.15850127685546875,1.290732822265625
-0.08088494140625,-0.01144707763671875,1.45244724609375
-0.39162365234375,-0.15678564453125,1.30695341796875
-0.4633512890625,-0.0219859619140625,1.0737209130859375
-0.4351465234375,-0.04477936279296875,0.8564632373046875
-0.27831830078124997,-0.12467881103515625,0.6554261572265625
-0.18640966796875,-0.10360104248046875,0.69351998046875
-0.189570546875,-0.16070708984375,0.6686975537109375
-0.08477525390625,-0.18889247802734374,0.64043439453125
-0.039793515625,-0.17761832275390624,0.6401886279296874
-0.08428896484375001,-0.17712814208984376,0.6632906884765625
-0.20440236328125,-0.0415931884765625,0.8564632373046875
-0.26470220703125,0.09418685546875,0.9798380712890625
-0.3592854296875,0.08364797119140625,1.1268064990234374
-0.32840607421875,0.12776423095703124,1.189968515625
-0.2503566796875,0.13732275390625,1.177680185546875
-0.0626491015625,0.17727247802734375,1.069542880859375
-0.096203046875,-0.13203152099609375,0.91077765625
-0.27734572265625,-0.15065838623046876,0.9754142724609375
-0.18689595703125,-0.09722869384765626,0.9783634716796875
-0.3719289453125,0.0731090869140625,1.03562708984375
-0.4448723046875,0.0387964404296875,1.070525947265625
-0.4356328125,0.09149086181640625,1.001219765625
-0.33083751953125,0.1838899169921875,0.8156659814453124
-0.054868476562500004,0.16795904541015624,0.769707626953125
0.0190474609375,-0.061690595703125004,0.7935469873046875
0.06889208984375,-0.01683906494140625,1.066593681640625
0.012239414062499999,0.021885207519531248,1.32071634765625
-0.302389609375,0.09810830078125,1.4114042236328124
-0.46091984375,-0.004829638671875,1.339394609375
-0.3359435546875,0.13217585693359374,1.16932412109375
-0.391866796875,0.1628121484375,1.0648733154296874
-0.29679728515625,-0.0055649096679687505,0.9783634716796875
-0.164283515625,-0.0567887890625,1.046932353515625
-0.20002576171875,-0.06683749267578125,1.0063808642578125
-0.21850474609375,-0.1406096826171875,0.9793465380859375
-0.10519939453125,-0.1572758251953125,0.908319990234375
-0.19832375,-0.16977543212890625,0.7684787939453125
-0.1783858984375,-0.11438501708984375,0.7060540771484375
-0.20391607421875,-0.09722869384765626,0.679265517578125
-0.191515703125,-0.0347306591796875,0.67385865234375
-0.1239215234375,-0.052867343750000004,0.6834435498046875
-0.06021765625,-0.0239466845703125,0.858183603515625
-0.15066742187499998,-0.07026875732421875,1.0309575244140625
-0.13778076171875,-0.0001729223632812504,1.186527783203125
-0.255705859375,0.04345315673828125,1.2831140576171876
-0.36390517578125,0.0123266845703125,1.27942755859375
-0.3067662109375,0.0672269189453125,1.14179826171875
-0.33813185546875,-0.01561361328125,1.1329506640625
-0.33253953125,-0.01291761962890625,1.0476696533203125
-0.2746711328125,-0.11879664306640625,0.902913125
-0.1103054296875,-0.1033559521484375,0.730384970703125
-0.0587587890625,-0.0415931884765625,0.7424275341796875
0.004458789062499999,0.0123266845703125,0.793301220703125
-0.17862904296875,-0.00752563232421875,0.8923451611328125
-0.321841171875,0.1584005224609375,0.8812856640625
-0.2902323828125,-0.0332601171875,0.831640810546875
-0.1210037890625,-0.11732610107421874,0.9036504248046875
-0.13972591796875,-0.03742665283203125,0.576535078125
-0.02350283203125,-0.08448399658203125,0.560314482421875
0.10268917968749999,-0.08938580322265625,0.7306307373046875
0.1347842578125,-0.07517056396484376,1.1941465478515625
0.0501699609375,-0.03105430419921875,1.63529759765625
-0.3913805078125,0.03904153076171875,1.746875634765625
-0.46553958984375,0.20374223388671875,1.4020650927734375
-0.3991611328125,0.21207530517578124,1.071509013671875
-0.39065107421875,0.143204921875,0.9407611816406249
-0.32062544921875,0.1510478125,0.89504859375
-0.18057419921875,0.1505576318359375,0.8554801708984375
-0.0490330078125,-0.055808427734375,0.8537598046875
-0.09450103515625,-0.132276611328125,0.727435771484375
-0.0334717578125,-0.1357078759765625,0.6510023583984375
-0.06021765625,-0.1278649853515625,0.653705791015625
-0.13389044921874999,-0.1038461328125,0.70924904296875
-0.10544253906250001,-0.0013983740234375002,0.854251337890625
-0.06921400390625,0.02237538818359375,1.0801108447265624
-0.2177753125,0.00399361328125,1.31678408203125
-0.36293259765625,0.085363603515625,1.419514521484375
-0.39405509765625,0.09418685546875,1.2536220654296875
-0.33667298828125003,0.108892275390625,1.0751955126953125
-0.21193984375,0.120656611328125,0.993846767578125
-0.20245720703125,-0.04330882080078125,1.0201437939453124
0.0190474609375,-0.03644629150390625,1.11525546875
-0.20488865234375,-0.01193725830078125,1.08281427734375
-0.2309051171875,-0.05850442138671875,0.894557060546875
-0.25983931640625,-0.02909358154296875,0.6745959521484375
-0.0932853125,-0.1504132958984375,0.501330498046875
8.218750000000066e-05,-0.1778634130859375,0.569162080078125
-0.005753281249999999,-0.21168587890625,0.8616243359375
-0.09912078125,-0.22737166015625,1.111814736328125
-0.3485870703125,-0.130315888671875,1.30695341796875
-0.44317029296875,0.0976181201171875,1.312360283203125
-0.42225986328125,0.12482314697265626,1.146222060546875
-0.40913005859375,0.0417375244140625,1.0503730859375
-0.3485870703125,0.12923477294921876,0.9183964208984375
-0.335457265625,0.0476196923828125,0.72497810546875
-0.2182616015625,-0.05482806640625,0.6008659716796875
-0.06824142578125,-0.14673694091796874,0.5389327880859375
0.043118769531250004,-0.1509034765625,0.557365283203125
0.07594328125,-0.1033559521484375,0.6925369140625
0.0229377734375,-0.1572758251953125,0.9080742236328125
-0.25351755859375,-0.06879821533203125,1.1725190869140625
-0.41593810546875,0.02433611083984375,1.3293181787109374
-0.45921783203125,0.1054610107421875,1.2727918603515624
-0.41204779296875,0.14737145751953126,1.092153408203125
-0.3495596484375,-0.028113220214843748,1.001711298828125
-0.1958923046875,-0.020515419921875,0.9444476806640625
-0.26032560546875,-0.10727739746093751,0.9065996240234375
-0.2396583203125,-0.05899460205078125,0.9980247998046875
-0.268349375,0.0123266845703125,0.9614055761718749
-0.18689595703125,-0.0337502978515625,0.889641728515625
-0.218747890625,-0.014633251953124999,0.8181236474609375
0.034608710937499995,-0.0562986083984375,0.8023945849609375
0.07472755859375,0.0289928271484375,0.94125271484375
-0.14629082031250001,-0.07075893798828126,1.1110774365234375
-0.1307295703125,-0.0567887890625,1.2762325927734375
-0.32889236328125,0.21942801513671875,1.3460303076171876
-0.450221484375,0.18266446533203126,1.2270792724609374
-0.50055240234375,0.11452935302734375,1.1381117626953126
-0.47259078125,0.12090170166015625,1.0228472265625
-0.392839375,0.16158669677734375,0.975168505859375
-0.16501294921875,0.028257556152343752,0.9513291455078126
-0.07213173828125,-0.03595611083984375,1.0228472265625
-0.08988128906250001,-0.049926259765625,1.064627548828125
-0.2338228515625,-0.0994345068359375,0.9599309765625
-0.2649453515625,-0.06267095703125,0.742181767578125
-0.1788721875,-0.061690595703125004,0.6662398876953125
-0.09741876953125,-0.1062970361328125,0.694503046875
-0.244034921875,-0.0298288525390625,0.890624794921875
-0.36147373046875,-0.08987598388671875,0.96877857421875
-0.23819945312500002,-0.181294677734375,0.9395323486328125
-0.142886796875,-0.00777072265625,1.0235845263671874
-0.27151025390625,-0.06144550537109375,1.0471781201171875
-0.255705859375,-0.12222790771484375,1.197833046875
-0.20415921875,-0.06291604736328126,1.2587831640625
-0.22093619140625,0.1079119140625,1.3020380859375
-0.148722265625,-0.0474753564453125,1.229782705078125
-0.16841697265625,-0.01095689697265625,1.1833328173828126
-0.16647181640625,0.0044837939453125,1.128526865234375
-0.39210994140625,-0.07124911865234375,0.9837703369140625
-0.3709563671875,-0.091101435546875,0.7871570556640625
-0.25351755859375,-0.05605351806640625,0.6023405712890625
-0.1657423828125,-0.0670825830078125,0.580958876953125
-0.22093619140625,-0.08227818359375,0.8458952734375
-0.127325546875,-0.0151234326171875,1.08379734375
-0.158448046875,0.13560712158203125,1.28729208984375
-0.407428046875,0.127519140625,1.3676577685546876
-0.31916658203125,0.06551128662109375,1.3381657763671875
-0.312115390625,0.1348718505859375,1.263206962890625
-0.39600025390625,0.0054641552734375,1.213070576171875
-0.29363640625,0.02923791748046875,1.1184504345703126
-0.25473328125,-0.11683592041015625,0.934862783203125
-0.1083602734375,-0.2445279833984375,0.761843095703125
-0.1258666796875,-0.1901179296875,0.6893419482421875
-0.12610982421875,-0.08203309326171875,0.663044921875
-0.1710915625,-0.16683434814453124,0.7436563671875001
-0.20804953125,-0.1445311279296875,0.8682600341796876
-0.29242068359375,-0.0504164404296875,0.9641090087890625
-0.40329458984375,-0.05017135009765625,0.8783364648437499
-0.28974609375,0.09051050048828126,0.81935248046875
-0.26154132812499997,0.17433139404296874,0.8712092333984375
-0.14604767578125,0.15815543212890626,1.0176861279296876
-0.1171134765625,0.05913893798828125,1.1110774365234375
-0.158448046875,0.110852998046875,1.2516559326171874
-0.2989855859375,0.09100068115234375,1.1838243505859376
-0.29679728515625,-0.0009081933593750001,0.9203625537109374
-0.25084296875,0.06060947998046875,0.7999369189453125
-0.2338228515625,-0.0219859619140625,0.74267330078125
-0.19224513671875,-0.112669384765625,0.7591396630859375
-0.08623412109375,-0.14526639892578125,0.7866655224609375
0.0287732421875,-0.11928682373046876,0.879811064453125
-0.12513724609375,-0.0778665576171875,1.026287958984375
-0.37144265625,-0.01561361328125,1.0496357861328125
-0.432715078125,0.1044806494140625,0.968287041015625
-0.3787369921875,0.1574201611328125,0.8908705615234375
-0.25011353515625,0.11158826904296874,0.8419630078125
0.029502675781249998,-0.03252484619140625,0.8992266259765624
0.0662175,-0.0170841552734375,1.0245675927734375
-0.043683828125000004,0.017718671875,1.03562708984375
-0.1477496875,-0.10605194580078126,1.0181776611328126
-0.179844765625,-0.0455146337890625,0.9650920751953125
-0.22336763671875,0.08634396484375,0.8839890966796875
-0.26470220703125,0.0417375244140625,0.9127437890625
-0.280992890625,0.06109966064453125,0.9616513427734374
-0.28853037109375,0.12874459228515625,0.9228202197265625
-0.15334201171875,0.15276344482421875,0.856217470703125
-0.05997451171875,0.06281529296875,1.00810123046875
-0.0714023046875,0.0037485229492187503,1.1169758349609376
-0.09158330078125,0.057913486328125,1.276969892578125
-0.13923962890625,0.0037485229492187503,1.29515662109375
-0.12465095703125,-0.07958218994140626,1.1671122216796874
-0.2659179296875,0.061834931640625,1.09067880859375
-0.33375525390625,0.02139502685546875,0.969761640625
-0.28585578125,-0.092081796875,0.8544971044921875
-0.13972591796875,0.022620478515625,0.8254966455078125
-0.06970029296875,-0.00997653564453125,0.8741584326171875
-0.012561328125,-0.19526482666015624,0.993846767578125
0.024396640625,-0.1396293212890625,1.214053642578125
-0.12951384765625001,0.0054641552734375,1.336936943359375
-0.2542469921875,0.1084020947265625,1.2501813330078124
-0.3670660546875,0.13511694091796875,1.1523662255859375
-0.3811684375,0.16673359375,1.101984072265625
-0.25303126953125,0.16991976806640624,1.02383029296875
-0.10374052734375,0.05276658935546875,1.0044147314453125
-0.21704587890625,0.06404074462890624,1.000728232421875
-0.1219763671875,-0.04870080810546875,0.84687833984375
-0.05365275390625,-0.1366882373046875,0.8159117480468749
-0.11735662109375,-0.11757119140625,0.927981318359375
-0.20391607421875,-0.09036616455078125,0.921099853515625
-0.1929745703125,-0.046740085449218746,0.9591936767578125
-0.1910294140625,-0.051886982421875,1.02972869140625
-0.21364185546875,-0.098944326171875,1.0747039794921875
-0.21655958984375,-0.12663953369140624,1.05135615234375
-0.18446451171875,-0.09575815185546875,1.0078554638671875
-0.08623412109375,-0.035711020507812496,0.9326508837890625
-0.21607330078125,-0.093062158203125,0.93437125
-0.31624884765625,-0.03644629150390625,1.02972869140625
-0.27783201171875,0.03315936279296875,1.0014655322265624
-0.25692158203125,-0.11561046875,0.9196252539062499
-0.0889087109375,-0.1111988427734375,0.8530225048828125
0.04749537109375,-0.19330410400390624,0.8717007666015625
0.04895423828125,-0.17835359375,1.0339067236328126
-0.16209521484375,-0.05262225341796875,1.248460966796875
-0.1492085546875,-0.00777072265625,1.268613828125
-0.30263275390625,0.0010525292968750002,1.2000449462890626
-0.4278521875,0.036345537109375,1.11820466796875
-0.23455228515625,-0.0582593310546875,1.02383029296875
-0.088422421875,-0.0543378857421875,0.9724650732421874
-0.03225603515625,-0.12418863037109375,1.145238994140625
-0.10179537109375,-0.1464918505859375,1.28827515625
-0.17765646484375,-0.04870080810546875,1.3502083398437499
-0.31576255859375,0.0535018603515625,1.19881611328125
-0.31965287109375,-0.03742665283203125,0.9960586669921875
-0.14191421875,-0.02419177490234375,0.9193794873046874
-0.12027435546875,-0.06536695068359374,0.94125271484375
0.0039725,-0.11781628173828125,1.1331964306640625
-0.066053125,-0.1386489599609375,1.2752495263671875
-0.18008791015625,-0.09379742919921875,1.331038544921875
-0.25838044921875,-0.13938423095703126,1.253376298828125
-0.38724705078125,-0.076396015625,1.1587561572265626
-0.3972159765625,-0.02149578125,1.06118681640625
-0.2878009375,-0.1396293212890625,0.998762099609375
-0.15236943359375,-0.11242429443359375,1.003677431640625
-0.012561328125,-0.22516584716796875,0.9891772021484375
0.014427714843749998,-0.17810850341796874,0.968287041015625
-0.18738224609375,-0.14036459228515624,0.9837703369140625
-0.2279873828125,-0.1455114892578125,0.880794130859375
-0.14969484375,-0.16830489013671876,0.819844013671875
-0.14750654296875,-0.04575972412109375,0.875387265625
-0.1706052734375,0.004973974609375,0.901438525390625
-0.16112263671875,-0.11095375244140625,0.8343442431640625
-0.09936392578125,-0.0190448779296875,0.7738856591796874
-0.121490078125,-0.0680629443359375,0.7689703271484375
-0.13486302734375,-0.132276611328125,0.7827332568359375
-0.23503857421875,-0.1151202880859375,0.8930824609375
-0.242089765625,-0.02125069091796875,0.825742412109375
-0.18106048828125,-0.0621807763671875,0.75447009765625
-0.125380390625,-0.0680629443359375,0.730384970703125
-0.002106113281250002,-0.0886505322265625,0.7886316552734375
-0.038577792968749997,-0.04183827880859375,0.9655836083984375
-0.0840458203125,0.07727562255859374,1.0992806396484376
-0.05851564453125,0.11967625,1.115747001953125
-0.14629082031250001,0.1397736572265625,1.1073909375
-0.22142248046875002,0.19148771728515626,1.0034316650390624
-0.20415921875,0.1358522119140625,0.92552365234375
-0.19637859375,0.14001874755859375,0.8043607177734375
-0.12659611328125,0.07188363525390624,0.69941837890625
-0.0451426953125,0.04688442138671875,0.6898334814453125
0.03144783203125,-0.01561361328125,0.842454541015625
-0.05997451171875,0.1035002880859375,1.0700344140625
-0.28609892578125,0.026541923828125,1.165883388671875
-0.15188314453125001,0.1191860693359375,1.0629071826171874
-0.218747890625,0.093206494140625,0.9110234228515625
-0.13243158203125,-0.01487834228515625,0.8694888671875
-0.0543821875,-0.06487677001953125,0.9493630126953125
0.042389335937499995,0.00276816162109375,1.1243488330078124
-0.1171134765625,0.07727562255859374,1.2609950634765625
-0.09206958984375,0.11256863037109376,1.25190169921875
-0.2644590625,0.0201695751953125,1.1587561572265626
-0.3252451953125,0.10570610107421875,0.9822957373046874
-0.1871391015625,-0.05997496337890625,0.8141913818359375
-0.09134015625,-0.07370002197265625,0.7153932080078125
-0.1171134765625,-0.06242586669921875,0.7704449267578125
-0.1637972265625,-0.0533575244140625,0.9095488232421876
-0.2474389453125,0.07065818359375,1.009084296875
-0.1103054296875,0.02580665283203125,1.0943653076171875
0.018561171875,-0.04085791748046875,1.2678765283203126
-0.02909515625,-0.03203466552734375,1.4915241357421876
-0.026177421875,-0.049926259765625,1.42885365234375
-0.21972046875,0.0691876416015625,1.3543863720703124
-0.28269490234375,-0.00262382568359375,1.185544716796875
-0.35199109375,-0.1484525732421875,1.0535680517578125
-0.35393625,-0.110708662109375,0.897506259765625
-0.2775888671875,-0.059729873046875,0.685163916015625
-0.039307226562500006,-0.13889405029296875,0.6741044189453125
-0.06726884765625,-0.1111988427734375,0.70531677734375
-0.13097271484375,-0.07713128662109375,0.79379275390625
-0.07310431640625001,-0.0366913818359375,0.8879213623046875
-0.14702025390625,0.0280124658203125,0.9641090087890625
-0.09741876953125,-0.13693332763671875,1.044966220703125
-0.038091503906250004,-0.06830803466796875,1.1366371630859375
-0.17960162109375,-0.00752563232421875,1.18701931640625
-0.290718671875,0.0020328906249999995,1.266156162109375
-0.33035123046875,0.04124734375,1.1872650830078124
-0.26081189453125,0.0270321044921875,1.0589749169921876
-0.24306234375,-0.08154291259765625,0.9832788037109375
-0.070916015625,-0.063651318359375,0.9188879541015624
-0.09352845703125,-0.10556176513671875,0.9223286865234375
-0.09644619140624999,-0.02321141357421875,1.0385762890625
-0.20683380859375,-0.02664267822265625,1.1730106201171875
-0.27102396484375,-0.10948321044921874,1.186527783203125
-0.14507509765624998,-0.10727739746093751,1.0933822412109375
-0.20342978515625,-0.06928839599609375,1.0457035205078125
-0.24768208984375,-0.11536537841796875,1.1054248046875
-0.28366748046875,-0.07222947998046875,1.0058893310546875
-0.3651208984375,-0.023456503906250002,0.873912666015625
-0.2717533984375,-0.11095375244140625,0.7453767333984375
-0.1083602734375,-0.0955130615234375,0.78592822265625
-0.20148462890625,-0.075415654296875,0.95501564453125
-0.16136578125,-0.08938580322265625,1.15556119140625
-0.1803310546875,0.03904153076171875,1.1892312158203124
-0.18738224609375,-0.07222947998046875,1.0948568408203125
-0.0859909765625,-0.1288453466796875,1.087729609375
-0.221665625,-0.09404251953125001,1.2310115380859374
-0.16938955078125,-0.200901904296875,1.3278435791015626
-0.31819400390625,-0.1533543798828125,1.3420980419921875
-0.4079143359375,0.03315936279296875,1.223884306640625
-0.36755234375,0.00963069091796875,0.977626171875
-0.29193439453125003,-0.06389640869140625,0.85474287109375
-0.3033621875,-0.0210056005859375,0.9356000830078125
-0.199296328125,0.0025230712890624996,1.02186416015625
-0.14167107421875,-0.030319033203124998,1.1027213720703124
-0.14993798828125,-0.0121823486328125,1.177680185546875
-0.20488865234375,-0.13105115966796876,1.10444173828125
-0.177899609375,-0.052867343750000004,1.0122792626953125
-0.2561921484375,-0.02664267822265625,0.86850580078125
-0.2124261328125,-0.09085634521484375,0.839505341796875
-0.2688356640625,-0.20898988525390624,0.850319072265625
-0.22385392578125,-0.27246828125,0.8658023681640625
-0.1326747265625,-0.2562923193359375,0.8431918408203125
-0.1628246484375,-0.247959248046875,0.8707177001953125
-0.183735078125,-0.26830174560546877,0.8299204443359375
-0.26227076171875,-0.24232217041015625,0.785436689453125
-0.2338228515625,-0.23202837646484376,0.7384952685546875
-0.22361078125,-0.1396293212890625,0.8127167822265625
-0.18057419921875,-0.0651218603515625,0.8771076318359375
-0.11225058593750001,-0.06683749267578125,0.9257694189453125
-0.1141957421875,0.0030132519531249997,0.9724650732421874
-0.061190234375,0.04051207275390625,1.004660498046875
-0.111764296875,0.06649164794921875,1.08674654296875
-0.26178447265625,0.09051050048828126,1.153103525390625
-0.27102396484375,0.173596123046875,1.15359505859375
-0.317950859375,0.14418528320312501,1.0594664501953126
-0.331566953125,0.1240878759765625,1.0044147314453125
-0.27418484375,0.0995788427734375,0.9650920751953125
-0.20926525390625,0.06894255126953125,1.00613509765625
-0.16015005859375,0.0878145068359375,0.9867195361328125
-0.12708240234375,0.06060947998046875,1.0201437939453124
-0.12124693359375,0.055462583007812497,1.0801108447265624
-0.0855046875,0.0652661962890625,1.169815654296875
-0.20051205078125,0.14246965087890626,1.2037314453125
-0.2912049609375,0.07727562255859374,1.1150097021484375
-0.27637314453125,-0.00311400634765625,1.0658563818359374
-0.237226875,0.03315936279296875,1.01203349609375
-0.21899103515625,-0.01634888427734375,0.9292101513671875
-0.1827625,-0.0455146337890625,0.926998251953125
-0.22701480468750002,0.03512008544921875,0.92355751953125
-0.22361078125,-0.01953505859375,0.8159117480468749
-0.22385392578125,-0.07370002197265625,0.717605107421875
-0.1521262890625,-0.10164031982421876,0.7232577392578124
-0.10033650390625,-0.12860025634765626,0.7994453857421875
-0.1696326953125,-0.126394443359375,0.9759058056640625
-0.15431458984375,-0.11046357177734376,1.145238994140625
-0.1832487890625,-0.083258544921875,1.171781787109375
-0.263486484375,-0.01291761962890625,1.0584833837890626
-0.21996361328125,-0.04134809814453125,0.94715111328125
-0.15771861328125,-0.08154291259765625,1.0250591259765625
-0.20245720703125,-0.08938580322265625,1.1317218310546875
-0.2707808203125,-0.0033590966796874996,1.230765771484375
-0.1939471484375,-0.07026875732421875,1.072492080078125
-0.15188314453125001,-0.03105430419921875,0.9513291455078126
-0.08234380859375,-0.075415654296875,0.8930824609375
-0.08866556640625001,-0.030319033203124998,1.0353813232421876
-0.2104809765625,0.033404453125,1.1671122216796874
-0.23406599609375,0.0936966748046875,1.13000146484375
-0.23139140625,0.09982393310546875,1.0083469970703125
-0.242089765625,0.08242251953125,0.9454307470703125
-0.2133987109375,0.01183650390625,0.8417172412109375
-0.1355924609375,-0.0288484912109375,0.8549886376953125
-0.1978374609375,-0.0009081933593750001,0.9245405859375
-0.1988100390625,-0.006790361328125,0.9867195361328125
-0.2698082421875,-0.06977857666015624,0.9601767431640625
-0.27880458984375,-0.083258544921875,0.9061080908203125
-0.2177753125,-0.1406096826171875,0.7930554541015625
-0.21583015625000002,-0.08742508056640624,0.79182662109375
-0.17327986328125,-0.11830646240234374,0.8353273095703125
-0.228473671875,-0.06389640869140625,0.8967689599609375
-0.19419029296875,-0.010221625976562499,0.90193005859375
-0.1589343359375,-0.071494208984375,0.89996392578125
-0.12027435546875,-0.05556333740234375,0.934862783203125
-0.08039865234375,-0.0553182470703125,1.04349162109375
-0.117599765625,-0.013407800292968751,1.1290183984375
-0.25108611328125,-0.03448556884765625,1.130492998046875
-0.2668905078125,0.0093856005859375,1.10640787109375
-0.19029998046875,-0.00850599365234375,1.0447204541015624
-0.22385392578125,-0.0651218603515625,1.02579642578125
-0.15164,-0.042083369140625,1.0221099267578124
-0.15236943359375,-0.10948321044921874,1.0914161083984375
-0.2104809765625,-0.08619962890625,1.0845346435546874
-0.17327986328125,0.019679394531249998,1.07691587890625
-0.25011353515625,-0.03595611083984375,1.0280083251953125
-0.24622322265625,-0.0004180126953125,0.996795966796875
-0.213885,-0.05874951171875,0.9609140429687499
-0.19273142578125,-0.0009081933593750001,1.0014655322265624
-0.1560166015625,-0.0121823486328125,1.005643564453125
-0.25254498046875,-0.015368522949218751,1.004660498046875
-0.2099946875,-0.0011532836914062497,1.0179318945312499
-0.21218298828125,-0.05213207275390625,0.9980247998046875
-0.1949197265625,-0.08056255126953125,1.036118623046875
-0.11492517578125,-0.124433720703125,1.044966220703125
-0.10763083984374999,-0.1239435400390625,1.1250861328125
-0.13632189453125,-0.0847290869140625,1.2236385400390626
-0.181789921875,-0.079337099609375,1.221918173828125
-0.2386857421875,-0.0602200537109375,1.17325638671875
-0.2581373046875,-0.09036616455078125,1.1297556982421875
-0.29242068359375,-0.13546278564453124,1.0186691943359376
-0.26032560546875,-0.10850284912109374,0.956490244140625
-0.24476435546875,-0.15752091552734376,0.9036504248046875
-0.14896541015625,-0.18252012939453124,0.860149736328125
-0.1025248046875,-0.22369530517578126,0.9090572900390625
-0.09523046875,-0.1974706396484375,1.000728232421875
-0.19321771484375,-0.15163874755859374,1.0830600439453124
-0.2299325390625,-0.0960032421875,1.115747001953125
-0.25254498046875,-0.04183827880859375,0.9872110693359375
-0.21266927734375,-0.08399381591796876,0.907336923828125
-0.148722265625,-0.14894275390625,0.90586232421875
-0.18786853515625002,-0.09673851318359375,1.012525029296875
-0.18495080078125,-0.08938580322265625,1.0938737744140625
-0.2474389453125,-0.02419177490234375,1.1376202294921876
-0.21899103515625,0.03364954345703125,1.112797802734375
-0.07577890625,-0.03987755615234375,1.09657720703125
-0.11395259765625,-0.00213364501953125,1.097068740234375
-0.053409609375,0.026296833496093748,1.1115689697265625
-0.1783858984375,0.00178780029296875,1.0604495166015624
-0.28464005859375,0.02360083984375,1.0127707958984375
-0.2600824609375,0.0731090869140625,0.928964384765625
-0.2450075,0.0691876416015625,0.8751414990234375
-0.20926525390625,0.0789912548828125,0.933879716796875
-0.14215736328125,-0.01193725830078125,0.9419900146484375
-0.1083602734375,-0.03105430419921875,0.916184521484375
-0.138996484375,-0.0680629443359375,0.8820229638671875
-0.1540714453125,-0.07271966064453125,0.9196252539062499
-0.20683380859375,-0.0710040283203125,0.93732044921875
-0.16720125,-0.12149263671875,1.027271025390625
-0.18300564453125,-0.1396293212890625,1.0245675927734375
-0.16793068359375,-0.16879507080078124,1.0174403613281249
-0.20099833984375,-0.122472998046875,0.9252778857421875
-0.2231244921875,-0.1768830517578125,0.83311541015625
-0.185680234375,-0.19575500732421874,0.8171405810546875
-0.0947441796875,-0.25506686767578124,0.8780906982421874
-0.1161408984375,-0.21095060791015624,1.0078554638671875
-0.1112780078125,-0.25874322265625,1.0235845263671874
-0.1540714453125,-0.27271337158203124,0.9815584374999999
-0.13437673828125,-0.11977700439453125,0.9717277734375
-0.14191421875,-0.14232531494140624,1.0830600439453124
-0.13486302734375,-0.07173929931640625,1.14179826171875
-0.19273142578125,-0.01169216796875,1.1926719482421875
-0.14556138671875,-0.0455146337890625,1.1093570703125
-0.197351171875,0.03021827880859375,1.0712632470703125
-0.1608794921875,0.01796376220703125,1.031203291015625
-0.14799283203125,-0.02149578125,1.019406494140625
-0.15966376953125,-0.02762303955078125,1.016457294921875
-0.1754681640625,-0.0778665576171875,1.031203291015625
-0.117599765625,-0.10409122314453124,1.011541962890625
-0.18081734375,-0.081297822265625,0.9911433349609375
-0.199296328125,-0.1004148681640625,0.9375662158203125
-0.18057419921875,-0.1406096826171875,0.8918536279296875
-0.1958923046875,-0.12761989501953125,0.9395323486328125
-0.10325423828125,-0.1219828173828125,0.9631259423828125
-0.1599069140625,-0.07124911865234375,1.036118623046875
-0.23017568359375,-0.081297822265625,1.0009739990234374
-0.226528515625,-0.022476142578125,1.0034316650390624
-0.15480087890625,0.00276816162109375,0.9459222802734375
-0.1346198828125,-0.0239466845703125,1.021372626953125
-0.11322316406249999,-0.026397587890625,1.0850261767578124
-0.17303671874999998,-0.029338671875,1.159001923828125
-0.1851939453125,0.023845930175781252,1.12606919921875
-0.14945169921875,-0.01781942626953125,1.071509013671875
-0.1754681640625,-0.0415931884765625,1.0294829248046875
-0.18349193359375,-0.0494360791015625,1.0444746875
-0.190543125,-0.010221625976562499,1.0560257177734376
-0.21169669921875,-0.069533486328125,1.0267794921875
-0.18689595703125,-0.0038492773437499997,1.0044147314453125
-0.19175884765625,-0.08350363525390625,0.9638632421875
-0.20464550781250002,-0.0690433056640625,0.981066904296875
-0.15917748046875,-0.10507158447265624,0.89406552734375
-0.17717017578125,-0.1308060693359375,0.8884128955078126
-0.15164,-0.16144236083984376,0.864082001953125
-0.1385101953125,-0.1602169091796875,0.8761245654296875
-0.1803310546875,-0.15678564453125,0.8648193017578125
-0.2279873828125,-0.13840386962890625,0.84884447265625
-0.19419029296875,-0.1533543798828125,0.7928096875
-0.10276794921875,-0.1210024560546875,0.7989538525390625
-0.170118984375,-0.09624833251953124,0.8490902392578125
-0.1477496875,-0.06242586669921875,0.906353857421875
-0.18738224609375,-0.01438816162109375,0.988931435546875
-0.22944625,0.02090484619140625,1.0520934521484375
-0.19127255859375,0.03462990478515625,1.028254091796875
-0.14580453125,0.053992041015625,0.9695158740234375
-0.1399690625,0.0255615625,1.0093300634765625
-0.15747546875,-0.0254172265625,1.0245675927734375
-0.14410251953125,-0.020515419921875,1.0543053515625
-0.195406015625,-0.02174087158203125,1.0466865869140625
-0.20051205078125,-0.06144550537109375,1.0179318945312499
-0.181789921875,-0.047965537109375,0.965829375
-0.16452666015625,-0.06585713134765625,0.9638632421875
-0.21461443359375,-0.08693489990234375,0.964354775390625
-0.18446451171875,-0.07370002197265625,0.938303515625
-0.19637859375,-0.0327699365234375,0.86359046875
-0.14799283203125,-0.0543378857421875,0.8567090039062499
-0.1044699609375,0.0074248779296875,0.9493630126953125
-0.11298001953125,-0.02076051025390625,1.016948828125
-0.0777240625,0.022620478515625,1.09264494140625
-0.14312994140625,0.03364954345703125,1.120662333984375
-0.15188314453125001,0.03364954345703125,1.0884669091796875
-0.20391607421875,-0.00409436767578125,1.057746083984375
-0.2416034765625,-0.03350520751953125,0.961897109375
-0.177899609375,-0.01438816162109375,0.90782845703125
-0.15577345703125,-0.036201201171875,0.930930517578125
-0.15528716796875,-0.048945898437499996,1.004660498046875
-0.12465095703125,-0.073454931640625,1.0511103857421875
-0.1803310546875,-0.06732767333984375,1.071509013671875
-0.175954453125,-0.061690595703125004,1.03366095703125
-0.16015005859375,-0.0396324658203125,1.0004824658203124
-0.1949197265625,-0.067572763671875,1.016948828125
-0.21072412109375,-0.0200252392578125,1.0582376171875
-0.1881116796875,-0.04428918212890625,1.039067822265625
-0.18008791015625,-0.04919098876953125,1.060695283203125
-0.162338359375,-0.053847705078125,1.0466865869140625
-0.14604767578125,-0.068553125,1.0226014599609374
-0.12465095703125,-0.028113220214843748,1.0186691943359376
-0.20634751953125,-0.07370002197265625,1.04545775390625
-0.1890842578125,-0.03448556884765625,1.015474228515625
-0.17230728515625,-0.065612041015625,0.98254150390625
-0.181789921875,-0.06438658935546875,0.9837703369140625
-0.1482359765625,-0.06977857666015624,1.0343982568359376
-0.16549923828125,-0.0582593310546875,1.0629071826171874
-0.197351171875,-0.08105273193359375,1.0978060400390626
-0.220693046875,-0.04772044677734375,1.0751955126953125
-0.18349193359375,-0.063651318359375,1.004660498046875
-0.17814275390625,-0.04698517578125,0.99237216796875
-0.15382830078125,-0.0415931884765625,1.0004824658203124
-0.18470765625,-0.048945898437499996,1.0147369287109376
-0.1647698046875,-0.02909358154296875,1.0383305224609374
-0.18932740234375,-0.05556333740234375,1.0385762890625
-0.16938955078125,-0.06242586669921875,1.0071181640625
-0.18592337890625,-0.06659240234375,0.970253173828125
-0.1744955859375,-0.05311243408203125,0.9874568359375
-0.17717017578125,-0.0881603515625,0.998762099609375
-0.17911533203125,-0.0719843896484375,1.056763017578125
-0.1530988671875,-0.06781785400390625,1.0860092431640624
-0.19078626953125,-0.08791526123046875,1.0476696533203125
-0.13510617187500001,-0.08203309326171875,1.001219765625
-0.179844765625,-0.0798272802734375,0.9980247998046875
-0.1793584765625,-0.0690433056640625,1.027271025390625
-0.21218298828125,-0.07320984130859375,1.027271025390625
-0.16793068359375,-0.06144550537109375,1.0255506591796875
-0.16695810546875,-0.0474753564453125,1.0270252587890625
-0.1560166015625,-0.04919098876953125,1.009575830078125
-0.14021220703125,-0.03889719482421875,1.0009739990234374
-0.15820490234375,-0.0219859619140625,1.0186691943359376
-0.15480087890625,-0.03522083984375,1.024813359375
-0.15480087890625,-0.0180645166015625,1.0284998583984375
-0.15869119140625,-0.03203466552734375,1.0201437939453124
-0.16525609375,-0.01291761962890625,1.0570087841796876
-0.1774133203125,-0.0200252392578125,1.044966220703125
-0.185680234375,-0.0288484912109375,1.0110504296875
-0.19321771484375,-0.0180645166015625,1.00416896484375
-0.17279357421875,-0.01046671630859375,0.9596852099609375
-0.1939471484375,-0.044534272460937496,0.969761640625
-0.19370400390625,-0.0259074072265625,0.9926179345703126
-0.1647698046875,-0.03154448486328125,0.9709904736328125
-0.18349193359375,-0.026397587890625,0.9650920751953125
-0.17765646484375,-0.052867343750000004,0.966320908203125
-0.1900568359375,-0.0386521044921875,0.958456376953125
-0.1866528125,-0.0259074072265625,0.95501564453125
-0.168173828125,-0.046004814453125,0.9768888720703125
-0.18884111328125,-0.046249904785156254,0.9975332666015625
-0.17862904296875,-0.03595611083984375,0.98942296875
-0.18981369140625,-0.044044091796875,0.968287041015625
-0.2085358203125,0.0037485229492187503,0.9532952783203125
-0.1958923046875,-0.0298288525390625,0.966320908203125
-0.170118984375,-0.0317895751953125,0.9690243408203125
-0.16112263671875,-0.046740085449218746,0.9921264013671875
-0.15917748046875,-0.0411030078125,1.0181776611328126
-0.17692703125,-0.013407800292968751,0.984999169921875
-0.19175884765625,-0.0464949951171875,0.98942296875
-0.1851939453125,-0.0063001806640625,0.9798380712890625
-0.181789921875,-0.02321141357421875,0.9798380712890625
-0.1842213671875,-0.0415931884765625,0.9820499707031249
-0.16209521484375,-0.03840701416015625,0.9842618701171875
-0.17133470703125,-0.04870080810546875,0.9874568359375
-0.177899609375,-0.02468195556640625,1.019406494140625
-0.19662173828125,-0.013652890625,1.0329236572265625
-0.1774133203125,-0.02419177490234375,1.009084296875
-0.181789921875,-0.04821062744140625,1.0071181640625
-0.14580453125,-0.05115171142578125,0.993846767578125
-0.16452666015625,-0.0072805419921875,0.9940925341796875
-0.160393203125,0.0064445166015625,0.9921264013671875
-0.18057419921875,-0.03742665283203125,0.9913891015625
-0.1633109375,-0.0317895751953125,1.0174403613281249
-0.18543708984375,-0.04723026611328125,0.99040603515625
-0.1803310546875,-0.03914228515625,0.9606682763671874
-0.1793584765625,-0.04428918212890625,0.9835245703125
-0.18251935546875,-0.0562986083984375,1.0112961962890625
-0.13680818359375,-0.052867343750000004,1.0073639306640625
-0.15382830078125,-0.07713128662109375,0.9992536328125
-0.18251935546875,-0.0592396923828125,0.999745166015625
-0.16841697265625,-0.05213207275390625,0.99630443359375
-0.2075632421875,-0.05213207275390625,0.9815584374999999
